{
  "generated_at_utc": "2026-02-14T19:47:28.295979Z",
  "duration_total_ms": 3084.415,
  "env": {
    "python": "3.13.9",
    "platform": "macOS-26.2-arm64-arm-64bit-Mach-O",
    "machine": "arm64"
  },
  "dataset": {
    "episodes": 96,
    "lines_per_episode": 180,
    "cues_per_episode": 120,
    "total_segments_sentence": 17280,
    "total_cues": 11520,
    "logs_tail_file_lines": 80000,
    "setup_db_and_index_ms": 887.155
  },
  "kpis": {
    "kwic_episode_page_ms": {
      "count": 15,
      "min_ms": 0.8227500366047025,
      "max_ms": 1.2775000650435686,
      "mean_ms": 0.9085359827925762,
      "p50_ms": 0.849457923322916,
      "p95_ms": 1.1694374959915874
    },
    "kwic_episode_two_pages_ms": {
      "count": 15,
      "min_ms": 1.7975420923903584,
      "max_ms": 2.045542001724243,
      "mean_ms": 1.8558556058754523,
      "p50_ms": 1.8388330936431885,
      "p95_ms": 1.946550083812326
    },
    "kwic_segments_page_ms": {
      "count": 15,
      "min_ms": 8.930666954256594,
      "max_ms": 9.969083010219038,
      "mean_ms": 9.225494414567947,
      "p50_ms": 9.098416077904403,
      "p95_ms": 9.719154296908528
    },
    "kwic_cues_page_ms": {
      "count": 15,
      "min_ms": 2.956958021968603,
      "max_ms": 3.832958987914026,
      "mean_ms": 3.162477739776174,
      "p50_ms": 3.0829579336568713,
      "p95_ms": 3.6136833368800576
    },
    "workflow_open_project_to_export_kwic_ms": {
      "count": 15,
      "min_ms": 1.7097920645028353,
      "max_ms": 3.5305829951539636,
      "mean_ms": 1.9312166143208742,
      "p50_ms": 1.7762500792741776,
      "p95_ms": 2.435549907386301
    },
    "logs_filter_5k_ms": {
      "count": 15,
      "min_ms": 34.054000047035515,
      "max_ms": 38.4332500398159,
      "mean_ms": 35.308399998272456,
      "p50_ms": 35.4355409508571,
      "p95_ms": 36.773666890803725
    },
    "logs_filter_10k_ms": {
      "count": 15,
      "min_ms": 69.01216693222523,
      "max_ms": 73.05908401031047,
      "mean_ms": 70.81457779277116,
      "p50_ms": 70.34312502946705,
      "p95_ms": 73.05275462567806
    },
    "logs_tail_read_500_ms": {
      "count": 15,
      "min_ms": 0.08729100227355957,
      "max_ms": 0.09695789776742458,
      "mean_ms": 0.08966097763429086,
      "p50_ms": 0.08941593114286661,
      "p95_ms": 0.09258363861590624
    }
  },
  "sanity": {
    "kwic_episode_hits_page": 250,
    "kwic_episode_hits_two_pages": 500,
    "kwic_segments_hits_page": 250,
    "kwic_cues_hits_page": 250,
    "workflow_export_hits": 250,
    "logs_visible_5k": 62,
    "logs_visible_10k": 122,
    "tail_lines_read": 500
  }
}