{
  "generated_at_utc": "2026-02-14T22:32:30.030861Z",
  "duration_total_ms": 4536.64,
  "env": {
    "python": "3.13.9",
    "platform": "macOS-26.2-arm64-arm-64bit-Mach-O",
    "machine": "arm64"
  },
  "dataset": {
    "episodes": 96,
    "lines_per_episode": 180,
    "cues_per_episode": 120,
    "total_segments_sentence": 17280,
    "total_cues": 11520,
    "logs_tail_file_lines": 80000,
    "setup_db_and_index_ms": 1109.169
  },
  "kpis": {
    "kwic_episode_page_ms": {
      "count": 15,
      "min_ms": 0.9745419956743717,
      "max_ms": 1.090208999812603,
      "mean_ms": 1.009847386740148,
      "p50_ms": 0.9987499797716737,
      "p95_ms": 1.0653289034962654
    },
    "kwic_episode_two_pages_ms": {
      "count": 15,
      "min_ms": 2.190332976169884,
      "max_ms": 6.210500025190413,
      "mean_ms": 2.621227727892498,
      "p50_ms": 2.3474160116165876,
      "p95_ms": 3.7581081152893567
    },
    "kwic_segments_page_ms": {
      "count": 15,
      "min_ms": 12.129333103075624,
      "max_ms": 15.289750066585839,
      "mean_ms": 12.998808291740716,
      "p50_ms": 12.773166061379015,
      "p95_ms": 14.256083080545066
    },
    "kwic_cues_page_ms": {
      "count": 15,
      "min_ms": 3.742584027349949,
      "max_ms": 4.1825000662356615,
      "mean_ms": 3.9338306601469717,
      "p50_ms": 3.9051249623298645,
      "p95_ms": 4.138049972243607
    },
    "workflow_open_project_to_export_kwic_ms": {
      "count": 15,
      "min_ms": 2.0290830871090293,
      "max_ms": 5.35674998536706,
      "mean_ms": 2.544758290362855,
      "p50_ms": 2.332499949261546,
      "p95_ms": 3.528670663945374
    },
    "logs_filter_5k_ms": {
      "count": 15,
      "min_ms": 33.72775006573647,
      "max_ms": 42.30337496846914,
      "mean_ms": 35.07685848356535,
      "p50_ms": 34.22245802357793,
      "p95_ms": 38.43666246393695
    },
    "logs_filter_10k_ms": {
      "count": 15,
      "min_ms": 67.81404197681695,
      "max_ms": 70.14170894399285,
      "mean_ms": 68.73631664396574,
      "p50_ms": 68.77629098016769,
      "p95_ms": 69.76852078223601
    },
    "logs_render_10k_ms": {
      "count": 15,
      "min_ms": 68.01691697910428,
      "max_ms": 70.08270802907646,
      "mean_ms": 68.70966114414234,
      "p50_ms": 68.45487502869219,
      "p95_ms": 69.78719112230465
    },
    "logs_tail_read_500_ms": {
      "count": 15,
      "min_ms": 0.08279189933091402,
      "max_ms": 0.10537495836615562,
      "mean_ms": 0.08906665413329999,
      "p50_ms": 0.08687505032867193,
      "p95_ms": 0.1025456003844738
    }
  },
  "sanity": {
    "kwic_episode_hits_page": 250,
    "kwic_episode_hits_two_pages": 500,
    "kwic_segments_hits_page": 250,
    "kwic_cues_hits_page": 250,
    "workflow_export_hits": 250,
    "logs_visible_5k": 62,
    "logs_visible_10k": 122,
    "logs_render_10k_chars": 9842,
    "tail_lines_read": 500
  }
}